-- MariaDB dump 10.19  Distrib 10.4.32-MariaDB, for Win64 (AMD64)
--
-- Host: localhost    Database: gauri_mobiles
-- ------------------------------------------------------
-- Server version	10.4.32-MariaDB

/*!40101 SET @OLD_CHARACTER_SET_CLIENT=@@CHARACTER_SET_CLIENT */;
/*!40101 SET @OLD_CHARACTER_SET_RESULTS=@@CHARACTER_SET_RESULTS */;
/*!40101 SET @OLD_COLLATION_CONNECTION=@@COLLATION_CONNECTION */;
/*!40101 SET NAMES utf8mb4 */;
/*!40103 SET @OLD_TIME_ZONE=@@TIME_ZONE */;
/*!40103 SET TIME_ZONE='+00:00' */;
/*!40014 SET @OLD_UNIQUE_CHECKS=@@UNIQUE_CHECKS, UNIQUE_CHECKS=0 */;
/*!40014 SET @OLD_FOREIGN_KEY_CHECKS=@@FOREIGN_KEY_CHECKS, FOREIGN_KEY_CHECKS=0 */;
/*!40101 SET @OLD_SQL_MODE=@@SQL_MODE, SQL_MODE='NO_AUTO_VALUE_ON_ZERO' */;
/*!40111 SET @OLD_SQL_NOTES=@@SQL_NOTES, SQL_NOTES=0 */;

--
-- Table structure for table `invoice_items`
--

DROP TABLE IF EXISTS `invoice_items`;
/*!40101 SET @saved_cs_client     = @@character_set_client */;
/*!40101 SET character_set_client = utf8 */;
CREATE TABLE `invoice_items` (
  `id` bigint(20) unsigned NOT NULL AUTO_INCREMENT,
  `invoice_id` bigint(20) unsigned DEFAULT NULL,
  `product_name` varchar(100) DEFAULT NULL,
  `product_description` text DEFAULT NULL,
  `quantity` int(11) DEFAULT NULL,
  `price` decimal(10,2) DEFAULT NULL,
  `total` decimal(10,2) DEFAULT NULL,
  `created_at` timestamp NOT NULL DEFAULT current_timestamp(),
  `updated_at` timestamp NOT NULL DEFAULT current_timestamp() ON UPDATE current_timestamp(),
  PRIMARY KEY (`id`),
  KEY `invoice_id` (`invoice_id`),
  CONSTRAINT `invoice_items_ibfk_1` FOREIGN KEY (`invoice_id`) REFERENCES `invoices` (`id`) ON DELETE CASCADE
) ENGINE=InnoDB AUTO_INCREMENT=91 DEFAULT CHARSET=utf8mb4 COLLATE=utf8mb4_general_ci;
/*!40101 SET character_set_client = @saved_cs_client */;

--
-- Dumping data for table `invoice_items`
--

LOCK TABLES `invoice_items` WRITE;
/*!40000 ALTER TABLE `invoice_items` DISABLE KEYS */;
INSERT INTO `invoice_items` VALUES (1,1,'iPhone 15 Pro',NULL,1,149900.00,149900.00,'2025-11-08 15:28:21','2025-11-08 15:28:21'),(2,1,'Apple Case',NULL,1,4900.00,4900.00,'2025-11-08 15:28:21','2025-11-08 15:28:21'),(3,1,'MagSafe Charger',NULL,1,4500.00,4500.00,'2025-11-08 15:28:21','2025-11-08 15:28:21'),(4,2,'MacBook Air M2',NULL,1,124900.00,124900.00,'2025-11-08 15:28:21','2025-11-08 15:28:21'),(5,2,'USB-C Adapter',NULL,1,1900.00,1900.00,'2025-11-08 15:28:21','2025-11-08 15:28:21'),(6,2,'Magic Mouse',NULL,1,9500.00,9500.00,'2025-11-08 15:28:21','2025-11-08 15:28:21'),(7,3,'AirPods Pro 2',NULL,2,24900.00,49800.00,'2025-11-08 15:28:21','2025-11-08 15:28:21'),(8,3,'Apple Watch SE',NULL,1,29900.00,29900.00,'2025-11-08 15:28:21','2025-11-08 15:28:21'),(9,4,'iPad Air',NULL,1,59900.00,59900.00,'2025-11-08 15:28:21','2025-11-08 15:28:21'),(10,4,'Apple Pencil',NULL,1,10900.00,10900.00,'2025-11-08 15:28:21','2025-11-08 15:28:21'),(11,5,'iPhone 13',NULL,1,59900.00,59900.00,'2025-11-08 15:28:21','2025-11-08 15:28:21'),(12,5,'Silicone Case',NULL,1,3500.00,3500.00,'2025-11-08 15:28:21','2025-11-08 15:28:21'),(13,6,'Mac Mini M2',NULL,1,69900.00,69900.00,'2025-11-08 15:28:21','2025-11-08 15:28:21'),(14,6,'Magic Keyboard',NULL,1,9500.00,9500.00,'2025-11-08 15:28:21','2025-11-08 15:28:21'),(15,7,'iMac 24-inch',NULL,1,134900.00,134900.00,'2025-11-08 15:28:21','2025-11-08 15:28:21'),(16,7,'Magic Trackpad',NULL,1,13500.00,13500.00,'2025-11-08 15:28:21','2025-11-08 15:28:21'),(17,8,'Apple TV 4K',NULL,1,14900.00,14900.00,'2025-11-08 15:28:21','2025-11-08 15:28:21'),(18,8,'HDMI Cable',NULL,1,1500.00,1500.00,'2025-11-08 15:28:21','2025-11-08 15:28:21'),(19,9,'AirTag 4 Pack',NULL,1,11900.00,11900.00,'2025-11-08 15:28:21','2025-11-08 15:28:21'),(20,9,'iPhone 14 Plus',NULL,1,89900.00,89900.00,'2025-11-08 15:28:21','2025-11-08 15:28:21'),(21,10,'MacBook Pro 14\"',NULL,1,194900.00,194900.00,'2025-11-08 15:28:21','2025-11-08 15:28:21'),(22,10,'USB-C Hub',NULL,1,3900.00,3900.00,'2025-11-08 15:28:21','2025-11-08 15:28:21'),(23,11,'Apple Watch Ultra',NULL,1,89900.00,89900.00,'2025-11-08 15:28:21','2025-11-08 15:28:21'),(24,11,'Sport Loop Band',NULL,1,4900.00,4900.00,'2025-11-08 15:28:21','2025-11-08 15:28:21'),(26,12,'Smart Keyboard Folio',NULL,1,15900.00,15900.00,'2025-11-08 15:28:21','2025-11-08 15:28:21'),(27,13,'iPhone SE 3rd Gen',NULL,2,49900.00,99800.00,'2025-11-08 15:28:21','2025-11-08 15:28:21'),(28,14,'HomePod Mini',NULL,2,10900.00,21800.00,'2025-11-08 15:28:21','2025-11-08 15:28:21'),(29,14,'Lightning Cable',NULL,1,1900.00,1900.00,'2025-11-08 15:28:21','2025-11-08 15:28:21'),(30,15,'Mac Studio',NULL,1,189900.00,189900.00,'2025-11-08 15:28:21','2025-11-08 15:28:21'),(31,15,'Studio Display',NULL,1,159900.00,159900.00,'2025-11-08 15:28:21','2025-11-08 15:28:21'),(32,16,'Apple Pencil 2',NULL,1,10900.00,10900.00,'2025-11-08 15:28:21','2025-11-08 15:28:21'),(33,16,'iPad 10th Gen',NULL,1,44900.00,44900.00,'2025-11-08 15:28:21','2025-11-08 15:28:21'),(34,17,'MagSafe Battery Pack',NULL,2,10900.00,21800.00,'2025-11-08 15:28:21','2025-11-08 15:28:21'),(35,18,'iPhone 14',NULL,1,79900.00,79900.00,'2025-11-08 15:28:21','2025-11-08 15:28:21'),(36,18,'Clear Case',NULL,1,3900.00,3900.00,'2025-11-08 15:28:21','2025-11-08 15:28:21'),(37,19,'AirPods Max',NULL,1,59900.00,59900.00,'2025-11-08 15:28:21','2025-11-08 15:28:21'),(38,20,'iPhone 15',NULL,1,79900.00,79900.00,'2025-11-08 15:28:21','2025-11-08 15:28:21'),(39,20,'Screen Protector',NULL,1,1900.00,1900.00,'2025-11-08 15:28:21','2025-11-08 15:28:21'),(40,21,'MacBook Air M1',NULL,1,99900.00,99900.00,'2025-11-08 15:28:21','2025-11-08 15:28:21'),(41,22,'iPad Mini 6',NULL,1,49900.00,49900.00,'2025-11-08 15:28:21','2025-11-08 15:28:21'),(42,22,'Smart Cover',NULL,1,5500.00,5500.00,'2025-11-08 15:28:21','2025-11-08 15:28:21'),(43,23,'Apple Watch Series 9',NULL,1,45900.00,45900.00,'2025-11-08 15:28:21','2025-11-08 15:28:21'),(44,24,'iPhone 14 Pro',NULL,1,129900.00,129900.00,'2025-11-08 15:28:21','2025-11-08 15:28:21'),(45,24,'Leather Case',NULL,1,5900.00,5900.00,'2025-11-08 15:28:21','2025-11-08 15:28:21'),(49,28,'Samsung S25',NULL,1,45000.00,45000.00,'2025-11-09 12:44:47','2025-11-22 17:19:53'),(50,28,'Samsung Adapter',NULL,1,800.00,800.00,'2025-11-09 12:44:47','2025-11-09 12:44:47'),(51,28,'Samsung Cable',NULL,1,200.00,200.00,'2025-11-09 12:44:47','2025-11-09 12:44:47'),(52,28,'Samsung S25 Clear Case',NULL,1,100.00,100.00,'2025-11-09 12:44:47','2025-11-09 12:44:47'),(53,29,'iphone 15 pro max 256 GB',NULL,1,50000.00,50000.00,'2025-11-09 16:00:54','2025-11-09 16:00:54'),(54,29,'Apple original Adapter',NULL,1,1000.00,1000.00,'2025-11-09 16:00:54','2025-11-09 16:00:54'),(55,29,'Apple Data Cable c to c',NULL,1,500.00,500.00,'2025-11-09 16:00:54','2025-11-09 16:00:54'),(56,29,'Apple 15 pro Transparent Magsafe Cover',NULL,1,500.00,500.00,'2025-11-09 16:00:54','2025-11-09 16:00:54'),(57,30,'Samsung S22',NULL,1,25000.00,25000.00,'2025-11-16 03:25:48','2025-11-16 03:25:48'),(74,33,'Xenos Rios',NULL,432,287.00,123984.00,'2025-11-22 07:40:43','2025-11-22 07:40:43'),(75,34,'Adapter',NULL,167,10.00,1670.00,'2025-11-22 16:09:19','2025-11-25 15:27:06'),(86,35,'Samsung S25',NULL,1,40000.00,40000.00,'2025-11-28 14:12:21','2025-11-28 14:12:21'),(87,35,'Adapter 25 W',NULL,1,800.00,800.00,'2025-11-28 14:12:21','2025-11-28 14:12:21'),(88,43,'Samsung S25','Array',1,50000.00,50000.00,'2025-11-28 16:08:32','2025-11-28 16:08:32'),(89,44,'Samsung S24 ','Array',1,40000.00,40000.00,'2025-11-28 16:12:07','2025-11-28 16:12:07'),(90,45,'Samsung S24 ','Updated IMEI - 656565347657648',5,30000.00,150000.00,'2025-11-28 16:16:35','2025-11-28 16:16:57');
/*!40000 ALTER TABLE `invoice_items` ENABLE KEYS */;
UNLOCK TABLES;

--
-- Table structure for table `invoices`
--

DROP TABLE IF EXISTS `invoices`;
/*!40101 SET @saved_cs_client     = @@character_set_client */;
/*!40101 SET character_set_client = utf8 */;
CREATE TABLE `invoices` (
  `id` bigint(20) unsigned NOT NULL AUTO_INCREMENT,
  `invoice_number` varchar(50) DEFAULT NULL,
  `customer_name` varchar(100) DEFAULT NULL,
  `customer_email` varchar(100) DEFAULT NULL,
  `customer_phone` varchar(20) DEFAULT NULL,
  `billing_address` text DEFAULT NULL,
  `subtotal` decimal(10,2) DEFAULT 0.00,
  `discount` decimal(10,2) DEFAULT 0.00,
  `total` decimal(10,2) NOT NULL DEFAULT 0.00,
  `payment_method` varchar(50) DEFAULT NULL,
  `created_at` timestamp NOT NULL DEFAULT current_timestamp(),
  `updated_at` timestamp NOT NULL DEFAULT current_timestamp() ON UPDATE current_timestamp(),
  PRIMARY KEY (`id`),
  UNIQUE KEY `invoice_number` (`invoice_number`)
) ENGINE=InnoDB AUTO_INCREMENT=46 DEFAULT CHARSET=utf8mb4 COLLATE=utf8mb4_general_ci;
/*!40101 SET character_set_client = @saved_cs_client */;

--
-- Dumping data for table `invoices`
--

LOCK TABLES `invoices` WRITE;
/*!40000 ALTER TABLE `invoices` DISABLE KEYS */;
INSERT INTO `invoices` VALUES (1,'INV-1001','Ravi Kumar','ravi.kumar@example.com','9876543210','Delhi, India',18500.00,500.00,0.00,'Credit Card','2025-11-08 15:28:21','2025-11-08 15:28:21'),(2,'INV-1002','Anjali Sharma','anjali.sharma@example.com','9123456780','Mumbai, India',22500.00,1000.00,0.00,'UPI','2025-11-08 15:28:21','2025-11-08 15:28:21'),(3,'INV-1003','Vikram Singh','vikram.singh@example.com','9823445678','Bangalore, India',17500.00,750.00,0.00,'Cash','2025-11-08 15:28:21','2025-11-08 15:28:21'),(4,'INV-1004','Priya Mehta','priya.mehta@example.com','9002341123','Pune, India',20500.00,0.00,0.00,'Debit Card','2025-11-08 15:28:21','2025-11-08 15:28:21'),(5,'INV-1005','Amit Verma','amit.verma@example.com','9845234678','Jaipur, India',9500.00,200.00,0.00,'Credit Card','2025-11-08 15:28:21','2025-11-08 15:28:21'),(6,'INV-1006','Neha Gupta','neha.gupta@example.com','9958346712','Lucknow, India',13400.00,0.00,0.00,'UPI','2025-11-08 15:28:21','2025-11-08 15:28:21'),(7,'INV-1007','Karan Patel','karan.patel@example.com','9876512345','Ahmedabad, India',15800.00,500.00,0.00,'Net Banking','2025-11-08 15:28:21','2025-11-08 15:28:21'),(8,'INV-1008','Rohit Jain','rohit.jain@example.com','9988776655','Chennai, India',11200.00,200.00,0.00,'Credit Card','2025-11-08 15:28:21','2025-11-08 15:28:21'),(9,'INV-1009','Sonal Reddy','sonal.reddy@example.com','9700001234','Hyderabad, India',26500.00,1000.00,0.00,'Cash','2025-11-08 15:28:21','2025-11-08 15:28:21'),(10,'INV-1010','Deepak Yadav','deepak.yadav@example.com','9887766554','Gurgaon, India',18900.00,500.00,0.00,'UPI','2025-11-08 15:28:21','2025-11-08 15:28:21'),(11,'INV-1011','Aarav Nair','aarav.nair@example.com','9911223344','Kochi, India',15400.00,250.00,0.00,'Debit Card','2025-11-08 15:28:21','2025-11-08 15:28:21'),(12,'INV-1012','Simran Gill','simran.gill@example.com','9812345670','Amritsar, India',21300.00,300.00,0.00,'Credit Card','2025-11-08 15:28:21','2025-11-08 15:28:21'),(13,'INV-1013','Harsh Malhotra','harsh.malhotra@example.com','9789098765','Delhi, India',9400.00,100.00,0.00,'UPI','2025-11-08 15:28:21','2025-11-08 15:28:21'),(14,'INV-1014','Nisha Bhatia','nisha.bhatia@example.com','9600123456','Chandigarh, India',17700.00,0.00,0.00,'Net Banking','2025-11-08 15:28:21','2025-11-08 15:28:21'),(15,'INV-1015','Rajesh Kumar','rajesh.kumar@example.com','9023456712','Bhopal, India',22300.00,800.00,0.00,'Credit Card','2025-11-08 15:28:21','2025-11-08 15:28:21'),(16,'INV-1016','Pooja Rani','pooja.rani@example.com','9876509876','Patna, India',16500.00,200.00,0.00,'UPI','2025-11-08 15:28:21','2025-11-08 15:28:21'),(17,'INV-1017','Aditya Joshi','aditya.joshi@example.com','9998877665','Nagpur, India',11000.00,100.00,0.00,'Cash','2025-11-08 15:28:21','2025-11-08 15:28:21'),(18,'INV-1018','Meera Deshmukh','meera.deshmukh@example.com','9123450098','Nashik, India',13200.00,0.00,0.00,'Credit Card','2025-11-08 15:28:21','2025-11-08 15:28:21'),(19,'INV-1019','Ankit Tiwari','ankit.tiwari@example.com','9345671234','Indore, India',19600.00,300.00,0.00,'Debit Card','2025-11-08 15:28:21','2025-11-08 15:28:21'),(20,'INV-1020','Sneha Chauhan','sneha.chauhan@example.com','9765432109','Noida, India',24100.00,1000.00,0.00,'UPI','2025-11-08 15:28:21','2025-11-08 15:28:21'),(21,'INV-1021','Gaurav Kapoor','gaurav.kapoor@example.com','9845123400','Delhi, India',12100.00,0.00,0.00,'Cash','2025-11-08 15:28:21','2025-11-08 15:28:21'),(22,'INV-1022','Reena Sharma','reena.sharma@example.com','9822223344','Mumbai, India',18200.00,400.00,0.00,'Net Banking','2025-11-08 15:28:21','2025-11-08 15:28:21'),(23,'INV-1023','Manish Sethi','manish.sethi@example.com','9797979797','Bangalore, India',19500.00,250.00,0.00,'Credit Card','2025-11-08 15:28:21','2025-11-08 15:28:21'),(24,'INV-1024','Divya Rawat','divya.rawat@example.com','9955112233','Dehradun, India',20800.00,0.00,0.00,'Debit Card','2025-11-08 15:28:21','2025-11-08 15:28:21'),(28,'GM-25','Jatin','Jatin@gmail.com','1111222212','Softa Mod',46100.00,6100.00,40000.00,'UPI','2025-11-09 12:44:47','2025-11-22 17:19:53'),(29,'GM-26','Aman Jog','Aman@gmail.com','9017898912','Softa Mod',52000.00,2000.00,50000.00,'Cash','2025-11-09 16:00:54','2025-11-16 03:05:41'),(30,'GM-27','One','one@gmail.com','1111222212','Softa Mod',25000.00,0.00,25000.00,'Cash','2025-11-16 03:25:48','2025-11-16 03:25:48'),(33,'GM-28','Cally Ayers','vypeneh@mailinator.com','3426998811','Aliquid elit sint p',123984.00,0.00,123984.00,'Cash','2025-11-22 07:40:43','2025-11-22 07:40:43'),(34,'GM-29','Sonya Meadows','xenusabysu@mailinator.com','9314129261','Perferendis dolore e',1670.00,0.00,1670.00,'Bank Transfer','2025-11-22 16:09:19','2025-11-25 15:27:06'),(35,'GM-30','Sonya Meadows','xenusabysu@mailinator.com','1111222212','Softa Mod',40800.00,0.00,40800.00,'Cash','2025-11-28 14:12:21','2025-11-28 14:12:21'),(43,'GM-31','Tanner Preston','gofafyjuqu@mailinator.com','2759528524','sddfsdf',50000.00,0.00,50000.00,'Cash','2025-11-28 16:08:32','2025-11-28 16:08:32'),(44,'GM-32','Tanner Preston Updated','gofafyjuqu@mailinator.com','2759528524','sdvd',40000.00,0.00,40000.00,'Cash','2025-11-28 16:12:07','2025-11-28 16:12:07'),(45,'GM-33','Tanner Preston Updated','Jatin@gmail.com','9314129261','Address',150000.00,0.00,150000.00,'Cash','2025-11-28 16:14:32','2025-11-28 16:16:57');
/*!40000 ALTER TABLE `invoices` ENABLE KEYS */;
UNLOCK TABLES;

--
-- Table structure for table `products`
--

DROP TABLE IF EXISTS `products`;
/*!40101 SET @saved_cs_client     = @@character_set_client */;
/*!40101 SET character_set_client = utf8 */;
CREATE TABLE `products` (
  `id` int(10) unsigned NOT NULL AUTO_INCREMENT,
  `product_name` varchar(255) NOT NULL,
  `product_description` text DEFAULT NULL,
  `stock` int(10) unsigned NOT NULL DEFAULT 0,
  `created_at` timestamp NULL DEFAULT current_timestamp(),
  `updated_at` timestamp NULL DEFAULT current_timestamp() ON UPDATE current_timestamp(),
  PRIMARY KEY (`id`)
) ENGINE=InnoDB AUTO_INCREMENT=196 DEFAULT CHARSET=utf8mb4 COLLATE=utf8mb4_unicode_ci;
/*!40101 SET character_set_client = @saved_cs_client */;

--
-- Dumping data for table `products`
--

LOCK TABLES `products` WRITE;
/*!40000 ALTER TABLE `products` DISABLE KEYS */;
INSERT INTO `products` VALUES (1,'iPhone 13','IMEI: 352894109283471',12,'2025-12-01 14:35:15','2025-12-01 14:35:15'),(2,'iPhone 14','IMEI: 356294709284567',9,'2025-12-01 14:35:15','2025-12-01 14:35:15'),(3,'iPhone 15','IMEI: 352983402938475',6,'2025-12-01 14:35:15','2025-12-01 14:35:15'),(4,'Samsung Galaxy S21','IMEI: 867398402938475',18,'2025-12-01 14:35:15','2025-12-01 14:35:15'),(5,'Samsung Galaxy S22','IMEI: 863947502934879',10,'2025-12-01 14:35:15','2025-12-01 14:35:15'),(6,'Samsung Galaxy S23','IMEI: 862937401293847',7,'2025-12-01 14:35:15','2025-12-01 14:35:15'),(7,'OnePlus 10 Pro','IMEI: 863948120394875',14,'2025-12-01 14:35:15','2025-12-01 14:35:15'),(8,'OnePlus 11','IMEI: 862347829384756',5,'2025-12-01 14:35:15','2025-12-01 14:35:15'),(9,'Xiaomi Mi 11','IMEI: 863984739847564',11,'2025-12-01 14:35:15','2025-12-01 14:35:15'),(10,'Vivo X80','IMEI: 862394875623498',8,'2025-12-01 14:35:15','2025-12-01 14:35:15'),(11,'Oppo Reno 8','IMEI: 869483729384756',22,'2025-12-01 14:35:15','2025-12-01 14:35:15'),(12,'Realme GT Neo','IMEI: 869483473829475',15,'2025-12-01 14:35:15','2025-12-01 14:35:15'),(13,'iPhone 13 Mini','IMEI: 352894109283472',7,'2025-12-01 14:35:15','2025-12-01 14:35:15'),(14,'iPhone 14 Pro','IMEI: 356294709284568',3,'2025-12-01 14:35:15','2025-12-01 14:35:15'),(15,'iPhone 15 Pro Max','IMEI: 352983402938476',2,'2025-12-01 14:35:15','2025-12-01 14:35:15'),(16,'Samsung Galaxy A53','IMEI: 867398402938476',20,'2025-12-01 14:35:15','2025-12-01 14:35:15'),(17,'Samsung Galaxy A54','IMEI: 863947502934880',12,'2025-12-01 14:35:15','2025-12-01 14:35:15'),(18,'Samsung Galaxy M33','IMEI: 862937401293848',17,'2025-12-01 14:35:15','2025-12-01 14:35:15'),(19,'OnePlus Nord CE','IMEI: 863948120394876',25,'2025-12-01 14:35:15','2025-12-01 14:35:15'),(20,'OnePlus Nord 2T','IMEI: 862347829384757',13,'2025-12-01 14:35:15','2025-12-01 14:35:15'),(21,'Xiaomi Poco F3','IMEI: 863984739847565',9,'2025-12-01 14:35:15','2025-12-01 14:35:15'),(22,'Vivo Y75','IMEI: 862394875623499',6,'2025-12-01 14:35:15','2025-12-01 14:35:15'),(23,'Oppo A78','IMEI: 869483729384757',19,'2025-12-01 14:35:15','2025-12-01 14:35:15'),(24,'Realme C55','IMEI: 869483473829476',28,'2025-12-01 14:35:15','2025-12-01 14:35:15'),(25,'iPhone XR','IMEI: 352894109283473',4,'2025-12-01 14:35:15','2025-12-01 14:35:15'),(26,'iPhone 11','IMEI: 356294709284569',7,'2025-12-01 14:35:15','2025-12-01 14:35:15'),(27,'iPhone SE 2022','IMEI: 352983402938477',10,'2025-12-01 14:35:15','2025-12-01 14:35:15'),(28,'Samsung Galaxy F41','IMEI: 867398402938477',22,'2025-12-01 14:35:15','2025-12-01 14:35:15'),(29,'Samsung Galaxy M14','IMEI: 863947502934881',16,'2025-12-01 14:35:15','2025-12-01 14:35:15'),(30,'Samsung Galaxy A14','IMEI: 862937401293849',14,'2025-12-01 14:35:15','2025-12-01 14:35:15'),(31,'OnePlus Nord N100','IMEI: 863948120394877',9,'2025-12-01 14:35:15','2025-12-01 14:35:15'),(32,'OnePlus Nord N200','IMEI: 862347829384758',12,'2025-12-01 14:35:15','2025-12-01 14:35:15'),(33,'Xiaomi Redmi Note 12','IMEI: 863984739847566',26,'2025-12-01 14:35:15','2025-12-01 14:35:15'),(34,'Vivo Y21','IMEI: 862394875623410',30,'2025-12-01 14:35:15','2025-12-01 14:35:15'),(35,'Oppo F19','IMEI: 869483729384758',21,'2025-12-01 14:35:15','2025-12-01 14:35:15'),(36,'Realme Narzo 50','IMEI: 869483473829477',18,'2025-12-01 14:35:15','2025-12-01 14:35:15'),(37,'iPhone 13 Pro','IMEI: 352894109283474',6,'2025-12-01 14:35:15','2025-12-01 14:35:15'),(38,'Samsung Z Flip 4','IMEI: 867398402938478',2,'2025-12-01 14:35:15','2025-12-01 14:35:15'),(39,'Samsung Z Fold 4','IMEI: 863947502934882',1,'2025-12-01 14:35:15','2025-12-01 14:35:15'),(40,'OnePlus Open','IMEI: 862937401293850',2,'2025-12-01 14:35:15','2025-12-01 14:35:15'),(41,'Xiaomi 12 Pro','IMEI: 863984739847567',4,'2025-12-01 14:35:15','2025-12-01 14:35:15'),(42,'Vivo V29','IMEI: 862394875623411',6,'2025-12-01 14:35:15','2025-12-01 14:35:15'),(43,'Oppo Reno 10','IMEI: 869483729384759',5,'2025-12-01 14:35:15','2025-12-01 14:35:15'),(44,'Realme GT5','IMEI: 869483473829478',4,'2025-12-01 14:35:15','2025-12-01 14:35:15'),(45,'Motorola Edge 30','IMEI: 864938475629384',11,'2025-12-01 14:35:15','2025-12-01 14:35:15'),(46,'Honor Magic 5','IMEI: 864938475629385',8,'2025-12-01 14:35:15','2025-12-01 14:35:15'),(47,'Tecno Spark 10','IMEI: 864938475629386',16,'2025-12-01 14:35:15','2025-12-01 14:35:15'),(48,'Nokia G21','IMEI: 864938475629387',14,'2025-12-01 14:35:15','2025-12-01 14:35:15'),(49,'Google Pixel 6','IMEI: 853928746523487',5,'2025-12-01 14:35:15','2025-12-01 14:35:15'),(50,'Google Pixel 7','IMEI: 853928746523488',4,'2025-12-01 14:35:15','2025-12-01 14:35:15'),(51,'Nothing Phone 1','IMEI: 834726592837465',7,'2025-12-01 14:35:15','2025-12-01 14:35:15'),(52,'Nothing Phone 2','IMEI: 834726592837466',3,'2025-12-01 14:35:15','2025-12-01 14:35:15'),(53,'Sony Xperia 5','IMEI: 829347652983475',2,'2025-12-01 14:35:15','2025-12-01 14:35:15'),(54,'Sony Xperia 10 Plus','IMEI: 829347652983476',3,'2025-12-01 14:35:15','2025-12-01 14:35:15'),(55,'HTC U23','IMEI: 829347652983477',6,'2025-12-01 14:35:15','2025-12-01 14:35:15'),(56,'BlackBerry Motion','IMEI: 829347652983478',2,'2025-12-01 14:35:15','2025-12-01 14:35:15'),(57,'Apple 20W Charger','S/NO: 9283749823',30,'2025-12-01 14:35:15','2025-12-01 14:35:15'),(58,'Samsung 25W Charger','S/NO: 8237492834',40,'2025-12-01 14:35:15','2025-12-01 14:35:15'),(59,'OnePlus Warp Charger','S/NO: 8792837492',20,'2025-12-01 14:35:15','2025-12-01 14:35:15'),(60,'Realme Dart Charger','S/NO: 8734923847',25,'2025-12-01 14:35:15','2025-12-01 14:35:15'),(61,'Xiaomi Fast Charger','S/NO: 7239847293',33,'2025-12-01 14:35:15','2025-12-01 14:35:15'),(62,'Vivo Flash Charger','S/NO: 8723948723',18,'2025-12-01 14:35:15','2025-12-01 14:35:15'),(63,'Oppo VOOC Charger','S/NO: 8138472394',27,'2025-12-01 14:35:15','2025-12-01 14:35:15'),(64,'Anker 30W Charger','S/NO: 7482394872',45,'2025-12-01 14:35:15','2025-12-01 14:35:15'),(65,'Boat 25W Charger','S/NO: 7182394872',19,'2025-12-01 14:35:15','2025-12-01 14:35:15'),(66,'Belkin Fast Charger','S/NO: 7283948721',11,'2025-12-01 14:35:15','2025-12-01 14:35:15'),(67,'Amazon Basics Charger','S/NO: 8123984723',37,'2025-12-01 14:35:15','2025-12-01 14:35:15'),(68,'Portronics Adapter','S/NO: 8123094872',42,'2025-12-01 14:35:15','2025-12-01 14:35:15'),(69,'Stuffcool Charger','S/NO: 7182394873',26,'2025-12-01 14:35:15','2025-12-01 14:35:15'),(70,'pTron Charger','S/NO: 7139482739',14,'2025-12-01 14:35:15','2025-12-01 14:35:15'),(71,'Syska Power Adapter','S/NO: 7182938472',31,'2025-12-01 14:35:15','2025-12-01 14:35:15'),(72,'Intex Charger','S/NO: 7823942871',24,'2025-12-01 14:35:15','2025-12-01 14:35:15'),(73,'Zebronics Charger','S/NO: 7129837492',39,'2025-12-01 14:35:15','2025-12-01 14:35:15'),(74,'Ubon Charger','S/NO: 7123984723',27,'2025-12-01 14:35:15','2025-12-01 14:35:15'),(75,'Ambrane Charger','S/NO: 7823948923',22,'2025-12-01 14:35:15','2025-12-01 14:35:15'),(76,'Noise Charger','S/NO: 7238947823',17,'2025-12-01 14:35:15','2025-12-01 14:35:15'),(77,'Sony Charger','S/NO: 7238947182',13,'2025-12-01 14:35:15','2025-12-01 14:35:15'),(78,'Lenovo Charger','S/NO: 7162389472',28,'2025-12-01 14:35:15','2025-12-01 14:35:15'),(79,'Motorola Turbo Charger','S/NO: 7239847983',10,'2025-12-01 14:35:15','2025-12-01 14:35:15'),(80,'HP Type-C Charger','S/NO: 7123849872',7,'2025-12-01 14:35:15','2025-12-01 14:35:15'),(81,'Dell Phone Charger','S/NO: 7182374892',6,'2025-12-01 14:35:15','2025-12-01 14:35:15'),(82,'Mi 120W Charger','S/NO: 7823847392',9,'2025-12-01 14:35:15','2025-12-01 14:35:15'),(83,'Realme SUPERVOOC Charger','S/NO: 7123987429',8,'2025-12-01 14:35:15','2025-12-01 14:35:15'),(84,'Pixel Rapid Charger','S/NO: 7283948712',4,'2025-12-01 14:35:15','2025-12-01 14:35:15'),(85,'Nokia Charger','S/NO: 7839471923',16,'2025-12-01 14:35:15','2025-12-01 14:35:15'),(86,'Redmi Charger','S/NO: 7823948172',12,'2025-12-01 14:35:15','2025-12-01 14:35:15'),(87,'Apple Lightning Cable','S/NO: 1827394872',50,'2025-12-01 14:35:15','2025-12-01 14:35:15'),(88,'Samsung Type-C Cable','S/NO: 2817394872',45,'2025-12-01 14:35:15','2025-12-01 14:35:15'),(89,'OnePlus Warp Cable','S/NO: 3729847293',31,'2025-12-01 14:35:15','2025-12-01 14:35:15'),(90,'Vivo Fast Cable','S/NO: 3817394872',27,'2025-12-01 14:35:15','2025-12-01 14:35:15'),(91,'Oppo VOOC Cable','S/NO: 7123948721',24,'2025-12-01 14:35:15','2025-12-01 14:35:15'),(92,'Boat Type-C Cable','S/NO: 8123749821',33,'2025-12-01 14:35:15','2025-12-01 14:35:15'),(93,'Zebronics Cable','S/NO: 1928374821',22,'2025-12-01 14:35:15','2025-12-01 14:35:15'),(94,'Anker Braided Cable','S/NO: 1982734982',40,'2025-12-01 14:35:15','2025-12-01 14:35:15'),(95,'Belkin USB-C Cable','S/NO: 1928374983',26,'2025-12-01 14:35:15','2025-12-01 14:35:15'),(96,'Portronics Nylon Cable','S/NO: 1928374921',17,'2025-12-01 14:35:15','2025-12-01 14:35:15'),(97,'Amazon Basics Cable','S/NO: 1278349823',42,'2025-12-01 14:35:15','2025-12-01 14:35:15'),(98,'pTron Cable','S/NO: 1238749823',30,'2025-12-01 14:35:15','2025-12-01 14:35:15'),(99,'Ambrane Cable','S/NO: 1782934872',25,'2025-12-01 14:35:15','2025-12-01 14:35:15'),(100,'Noise Cable','S/NO: 1928374912',19,'2025-12-01 14:35:15','2025-12-01 14:35:15'),(101,'Sony Type-C Cable','S/NO: 1728937481',12,'2025-12-01 14:35:15','2025-12-01 14:35:15'),(102,'Redmi Cable','S/NO: 1729384912',29,'2025-12-01 14:35:15','2025-12-01 14:35:15'),(103,'Mi Cable','S/NO: 1729384913',18,'2025-12-01 14:35:15','2025-12-01 14:35:15'),(104,'Realme Type-C Cable','S/NO: 1729384914',23,'2025-12-01 14:35:15','2025-12-01 14:35:15'),(105,'Ubon Braided Cable','S/NO: 1729384915',27,'2025-12-01 14:35:15','2025-12-01 14:35:15'),(106,'Syska Cable','S/NO: 1729384916',34,'2025-12-01 14:35:15','2025-12-01 14:35:15'),(107,'HP Type-C Cable','S/NO: 1729384917',17,'2025-12-01 14:35:15','2025-12-01 14:35:15'),(108,'Dell USB-C Cable','S/NO: 1729384918',21,'2025-12-01 14:35:15','2025-12-01 14:35:15'),(109,'Honor Cable','S/NO: 1729384919',14,'2025-12-01 14:35:15','2025-12-01 14:35:15'),(110,'Motorola Cable','S/NO: 1729384920',20,'2025-12-01 14:35:15','2025-12-01 14:35:15'),(111,'Google Pixel Cable','S/NO: 1729384921',9,'2025-12-01 14:35:15','2025-12-01 14:35:15'),(112,'Nothing Cable','S/NO: 1729384922',14,'2025-12-01 14:35:15','2025-12-01 14:35:15'),(113,'Realme Magnetic USB Cable','S/NO: 1729384923',11,'2025-12-01 14:35:15','2025-12-01 14:35:15'),(114,'Samsung Braided Cable','S/NO: 1729384924',19,'2025-12-01 14:35:15','2025-12-01 14:35:15'),(115,'Oppo Braided VOOC Cable','S/NO: 1729384925',13,'2025-12-01 14:35:15','2025-12-01 14:35:15'),(116,'Apple USB-C to C Cable','S/NO: 1729384926',10,'2025-12-01 14:35:15','2025-12-01 14:35:15'),(117,'MI 20000mAh Power Bank','S/NO: 9182736492',20,'2025-12-01 14:35:15','2025-12-01 14:35:15'),(118,'Realme Power Bank 2','S/NO: 9182736493',15,'2025-12-01 14:35:15','2025-12-01 14:35:15'),(119,'Samsung Power Bank','S/NO: 9182736494',11,'2025-12-01 14:35:15','2025-12-01 14:35:15'),(120,'pTron Dynamo Power Bank','S/NO: 9182736495',19,'2025-12-01 14:35:15','2025-12-01 14:35:15'),(121,'Ambrane Power Bank','S/NO: 9182736496',16,'2025-12-01 14:35:15','2025-12-01 14:35:15'),(122,'Boat 10000mAh Power Bank','S/NO: 9182736497',23,'2025-12-01 14:35:15','2025-12-01 14:35:15'),(123,'Zebronics Power Bank','S/NO: 9182736498',14,'2025-12-01 14:35:15','2025-12-01 14:35:15'),(124,'Anker Power Bank','S/NO: 9182736499',12,'2025-12-01 14:35:15','2025-12-01 14:35:15'),(125,'Stuffcool Power Bank','S/NO: 9182736500',9,'2025-12-01 14:35:15','2025-12-01 14:35:15'),(126,'Apple MagSafe Battery Pack','S/NO: 9182736501',3,'2025-12-01 14:35:15','2025-12-01 14:35:15'),(127,'Portronics Power Bank','S/NO: 9182736502',25,'2025-12-01 14:35:15','2025-12-01 14:35:15'),(128,'Intex Power Bank','S/NO: 9182736503',17,'2025-12-01 14:35:15','2025-12-01 14:35:15'),(129,'Ubon Fast Charging Power Bank','S/NO: 9182736504',28,'2025-12-01 14:35:15','2025-12-01 14:35:15'),(130,'Noise Power Bank','S/NO: 9182736505',22,'2025-12-01 14:35:15','2025-12-01 14:35:15'),(131,'OnePlus Power Bank','S/NO: 9182736506',6,'2025-12-01 14:35:15','2025-12-01 14:35:15'),(132,'Oppo Fast Charging Power Bank','S/NO: 9182736507',11,'2025-12-01 14:35:15','2025-12-01 14:35:15'),(133,'Vivo Power Bank','S/NO: 9182736508',10,'2025-12-01 14:35:15','2025-12-01 14:35:15'),(134,'Motorola Power Bank','S/NO: 9182736509',15,'2025-12-01 14:35:15','2025-12-01 14:35:15'),(135,'Dell USB-C Power Bank','S/NO: 9182736510',4,'2025-12-01 14:35:15','2025-12-01 14:35:15'),(136,'HP Travel Power Bank','S/NO: 9182736511',5,'2025-12-01 14:35:15','2025-12-01 14:35:15'),(137,'Lenovo Power Bank','S/NO: 9182736512',13,'2025-12-01 14:35:15','2025-12-01 14:35:15'),(138,'Honor SuperCharge Power Bank','S/NO: 9182736513',7,'2025-12-01 14:35:15','2025-12-01 14:35:15'),(139,'Sony Power Bank','S/NO: 9182736514',8,'2025-12-01 14:35:15','2025-12-01 14:35:15'),(140,'JBL Power Bank','S/NO: 9182736515',12,'2025-12-01 14:35:15','2025-12-01 14:35:15'),(141,'Mi Slim Power Bank','S/NO: 9182736516',17,'2025-12-01 14:35:15','2025-12-01 14:35:15'),(142,'Realme Dart Power Bank','S/NO: 9182736517',20,'2025-12-01 14:35:15','2025-12-01 14:35:15'),(143,'Pixel Power Bank','S/NO: 9182736518',3,'2025-12-01 14:35:15','2025-12-01 14:35:15'),(144,'Nothing Power Bank','S/NO: 9182736519',4,'2025-12-01 14:35:15','2025-12-01 14:35:15'),(145,'Redmi Power Bank','S/NO: 9182736520',16,'2025-12-01 14:35:15','2025-12-01 14:35:15'),(146,'Tecno Power Bank','S/NO: 9182736521',18,'2025-12-01 14:35:15','2025-12-01 14:35:15'),(147,'Lava Power Bank','S/NO: 9182736522',21,'2025-12-01 14:35:15','2025-12-01 14:35:15'),(148,'Micromax Power Bank','S/NO: 9182736523',23,'2025-12-01 14:35:15','2025-12-01 14:35:15'),(149,'Karbonn Power Bank','S/NO: 9182736524',26,'2025-12-01 14:35:15','2025-12-01 14:35:15'),(150,'Spigen Power Bank','S/NO: 9182736525',5,'2025-12-01 14:35:15','2025-12-01 14:35:15'),(151,'Belkin Power Station','S/NO: 9182736526',8,'2025-12-01 14:35:15','2025-12-01 14:35:15'),(152,'Pixel Wireless Power Bank','S/NO: 9182736527',2,'2025-12-01 14:35:15','2025-12-01 14:35:15'),(153,'Realme Wireless Power Bank','S/NO: 9182736528',3,'2025-12-01 14:35:15','2025-12-01 14:35:15'),(154,'Samsung Wireless Power Bank','S/NO: 9182736529',2,'2025-12-01 14:35:15','2025-12-01 14:35:15'),(155,'Apple MagSafe Pro Power Bank','S/NO: 9182736530',1,'2025-12-01 14:35:15','2025-12-01 14:35:15'),(156,'Apple AirPods Pro 2','S/NO: 9128374651',12,'2025-12-01 14:35:15','2025-12-01 14:35:15'),(157,'Apple AirPods 3','S/NO: 9128374652',15,'2025-12-01 14:35:15','2025-12-01 14:35:15'),(158,'Boat Airdopes 190','S/NO: 9128374653',32,'2025-12-01 14:35:15','2025-12-01 14:35:15'),(159,'Boat Airdopes 441','S/NO: 9128374654',28,'2025-12-01 14:35:15','2025-12-01 14:35:15'),(160,'Noise Buds VS104','S/NO: 9128374655',19,'2025-12-01 14:35:15','2025-12-01 14:35:15'),(161,'Samsung Galaxy Buds2','S/NO: 9128374656',9,'2025-12-01 14:35:15','2025-12-01 14:35:15'),(162,'OnePlus Buds Pro','S/NO: 9128374657',8,'2025-12-01 14:35:15','2025-12-01 14:35:15'),(163,'JBL Wave Buds','S/NO: 9128374658',14,'2025-12-01 14:35:15','2025-12-01 14:35:15'),(164,'Sony WF-C500','S/NO: 9128374659',6,'2025-12-01 14:35:15','2025-12-01 14:35:15'),(165,'Realme Buds Air 2','S/NO: 9128374660',17,'2025-12-01 14:35:15','2025-12-01 14:35:15'),(166,'Oppo Enco Buds 2','S/NO: 9128374661',13,'2025-12-01 14:35:15','2025-12-01 14:35:15'),(167,'Vivo TWS Neo','S/NO: 9128374662',11,'2025-12-01 14:35:15','2025-12-01 14:35:15'),(168,'Anker Soundcore Life P2','S/NO: 9128374663',10,'2025-12-01 14:35:15','2025-12-01 14:35:15'),(169,'Nothing Ear (Stick)','S/NO: 9128374664',4,'2025-12-01 14:35:15','2025-12-01 14:35:15'),(170,'Nothing Ear (2)','S/NO: 9128374665',3,'2025-12-01 14:35:15','2025-12-01 14:35:15'),(171,'Google Pixel Buds','S/NO: 9128374666',6,'2025-12-01 14:35:15','2025-12-01 14:35:15'),(172,'pTron Bassbuds','S/NO: 9128374667',20,'2025-12-01 14:35:15','2025-12-01 14:35:15'),(173,'Ubon Airbuds','S/NO: 9128374668',24,'2025-12-01 14:35:15','2025-12-01 14:35:15'),(174,'Zebronics Earbuds','S/NO: 9128374669',16,'2025-12-01 14:35:15','2025-12-01 14:35:15'),(175,'Ambrane Basspods','S/NO: 9128374670',12,'2025-12-01 14:35:15','2025-12-01 14:35:15'),(176,'Portronics Harmonics','S/NO: 9128374671',9,'2025-12-01 14:35:15','2025-12-01 14:35:15'),(177,'HP Earbuds','S/NO: 9128374672',7,'2025-12-01 14:35:15','2025-12-01 14:35:15'),(178,'Dell Wireless Earbuds','S/NO: 9128374673',4,'2025-12-01 14:35:15','2025-12-01 14:35:15'),(179,'Mi Wireless Earbuds','S/NO: 9128374674',11,'2025-12-01 14:35:15','2025-12-01 14:35:15'),(180,'Redmi Buds 5','S/NO: 9128374675',14,'2025-12-01 14:35:15','2025-12-01 14:35:15'),(181,'Soundcore Liberty Air 2','S/NO: 9128374676',5,'2025-12-01 14:35:15','2025-12-01 14:35:15'),(182,'Sony WF-1000XM4','S/NO: 9128374677',3,'2025-12-01 14:35:15','2025-12-01 14:35:15'),(183,'Jabra Elite 7 Pro','S/NO: 9128374678',2,'2025-12-01 14:35:15','2025-12-01 14:35:15'),(184,'Motorola SonicMax','S/NO: 9128374679',7,'2025-12-01 14:35:15','2025-12-01 14:35:15'),(185,'Honor Earbuds Pro','S/NO: 9128374680',8,'2025-12-01 14:35:15','2025-12-01 14:35:15'),(186,'BlackShark Lucifer Earbuds','S/NO: 9128374681',6,'2025-12-01 14:35:15','2025-12-01 14:35:15'),(187,'Lenovo True Wireless Earbuds','S/NO: 9128374682',9,'2025-12-01 14:35:15','2025-12-01 14:35:15'),(188,'Skullcandy Push Active','S/NO: 9128374683',4,'2025-12-01 14:35:15','2025-12-01 14:35:15'),(189,'Marshall Minor III','S/NO: 9128374684',2,'2025-12-01 14:35:15','2025-12-01 14:35:15'),(190,'Sennheiser Momentum 3','S/NO: 9128374685',1,'2025-12-01 14:35:15','2025-12-01 14:35:15'),(191,'Beats Studio Buds','S/NO: 9128374686',3,'2025-12-01 14:35:15','2025-12-01 14:35:15'),(192,'Boat Nirvana Ion','S/NO: 9128374687',9,'2025-12-01 14:35:15','2025-12-01 14:35:15'),(193,'Oppo Enco X','S/NO: 9128374688',6,'2025-12-01 14:35:15','2025-12-01 14:35:15'),(194,'OnePlus Buds Z2','S/NO: 9128374689',8,'2025-12-01 14:35:15','2025-12-01 14:35:15'),(195,'Realme Buds Air Neo','S/NO: 9128374690',10,'2025-12-01 14:35:15','2025-12-01 14:35:15');
/*!40000 ALTER TABLE `products` ENABLE KEYS */;
UNLOCK TABLES;

--
-- Table structure for table `roles`
--

DROP TABLE IF EXISTS `roles`;
/*!40101 SET @saved_cs_client     = @@character_set_client */;
/*!40101 SET character_set_client = utf8 */;
CREATE TABLE `roles` (
  `id` int(11) NOT NULL AUTO_INCREMENT,
  `name` varchar(100) DEFAULT NULL,
  `slug` varchar(100) DEFAULT NULL,
  `created_at` timestamp NOT NULL DEFAULT current_timestamp(),
  `updated_at` timestamp NOT NULL DEFAULT current_timestamp() ON UPDATE current_timestamp(),
  PRIMARY KEY (`id`),
  UNIQUE KEY `slug` (`slug`)
) ENGINE=InnoDB DEFAULT CHARSET=utf8mb4 COLLATE=utf8mb4_general_ci;
/*!40101 SET character_set_client = @saved_cs_client */;

--
-- Dumping data for table `roles`
--

LOCK TABLES `roles` WRITE;
/*!40000 ALTER TABLE `roles` DISABLE KEYS */;
/*!40000 ALTER TABLE `roles` ENABLE KEYS */;
UNLOCK TABLES;

--
-- Table structure for table `sales`
--

DROP TABLE IF EXISTS `sales`;
/*!40101 SET @saved_cs_client     = @@character_set_client */;
/*!40101 SET character_set_client = utf8 */;
CREATE TABLE `sales` (
  `id` bigint(20) unsigned NOT NULL AUTO_INCREMENT,
  `product_name` varchar(255) NOT NULL,
  `cost_price` decimal(10,2) NOT NULL DEFAULT 0.00,
  `sell_price` decimal(10,2) NOT NULL DEFAULT 0.00,
  `handling_charges` decimal(10,2) NOT NULL DEFAULT 0.00,
  `profit` decimal(10,2) GENERATED ALWAYS AS (`sell_price` - `cost_price` - `handling_charges`) STORED,
  `sale_date` datetime NOT NULL DEFAULT current_timestamp(),
  `created_at` timestamp NULL DEFAULT current_timestamp(),
  `updated_at` timestamp NULL DEFAULT current_timestamp() ON UPDATE current_timestamp(),
  PRIMARY KEY (`id`)
) ENGINE=InnoDB AUTO_INCREMENT=174 DEFAULT CHARSET=utf8mb4 COLLATE=utf8mb4_general_ci;
/*!40101 SET character_set_client = @saved_cs_client */;

--
-- Dumping data for table `sales`
--

LOCK TABLES `sales` WRITE;
/*!40000 ALTER TABLE `sales` DISABLE KEYS */;
INSERT INTO `sales` VALUES (1,'iPhone 13',45000.00,62100.00,120.00,16980.00,'2025-07-24 00:00:00','2025-12-01 14:57:09','2025-12-01 14:57:09'),(2,'Samsung Galaxy S22',52000.00,81200.00,150.00,29050.00,'2025-01-05 00:00:00','2025-12-01 14:57:09','2025-12-01 14:57:09'),(3,'iPhone 14',58000.00,92800.00,180.00,34620.00,'2025-03-19 00:00:00','2025-12-01 14:57:09','2025-12-01 14:57:09'),(4,'OnePlus 11',34000.00,51000.00,90.00,16910.00,'2025-02-08 00:00:00','2025-12-01 14:57:09','2025-12-01 14:57:09'),(5,'Realme GT Neo',22000.00,30800.00,70.00,8730.00,'2025-10-24 00:00:00','2025-12-01 14:57:09','2025-12-01 14:57:09'),(6,'Samsung Galaxy A54',27000.00,37800.00,110.00,10690.00,'2025-01-30 00:00:00','2025-12-01 14:57:09','2025-12-01 14:57:09'),(7,'Xiaomi Mi 11',30000.00,46500.00,100.00,16400.00,'2025-09-16 00:00:00','2025-12-01 14:57:09','2025-12-01 14:57:09'),(8,'Oppo Reno 8',26000.00,39000.00,85.00,12915.00,'2025-07-23 00:00:00','2025-12-01 14:57:09','2025-12-01 14:57:09'),(9,'iPhone XR',26000.00,36400.00,150.00,10250.00,'2025-09-01 00:00:00','2025-12-01 14:57:09','2025-12-01 14:57:09'),(10,'Google Pixel 6',42000.00,59800.00,130.00,17670.00,'2025-09-28 00:00:00','2025-12-01 14:57:09','2025-12-01 14:57:09'),(11,'iPhone 13',45000.00,62100.00,120.00,16980.00,'2025-10-15 00:00:00','2025-12-01 14:57:09','2025-12-01 14:57:09'),(12,'Samsung Galaxy S22',52000.00,81200.00,150.00,29050.00,'2025-10-21 00:00:00','2025-12-01 14:57:09','2025-12-01 14:57:09'),(13,'iPhone 14',58000.00,92800.00,180.00,34620.00,'2025-09-28 00:00:00','2025-12-01 14:57:09','2025-12-01 14:57:09'),(14,'iPhone 15 Pro Max',95000.00,148000.00,200.00,52800.00,'2025-05-17 00:00:00','2025-12-01 14:57:09','2025-12-01 14:57:09'),(15,'iPhone 15 Pro Max',95000.00,148000.00,200.00,52800.00,'2025-07-26 00:00:00','2025-12-01 14:57:09','2025-12-01 14:57:09'),(16,'iPhone 15 Pro Max',95000.00,148000.00,200.00,52800.00,'2025-10-17 00:00:00','2025-12-01 14:57:09','2025-12-01 14:57:09'),(17,'Nothing Phone 2',34000.00,54400.00,110.00,20290.00,'2025-06-10 00:00:00','2025-12-01 14:57:09','2025-12-01 14:57:09'),(18,'Sony Xperia 5',48000.00,67200.00,140.00,19060.00,'2025-09-23 00:00:00','2025-12-01 14:57:09','2025-12-01 14:57:09'),(19,'OnePlus Open',78000.00,118500.00,180.00,40320.00,'2025-06-30 00:00:00','2025-12-01 14:57:09','2025-12-01 14:57:09'),(20,'Samsung Galaxy M14',18000.00,27000.00,75.00,8925.00,'2025-04-15 00:00:00','2025-12-01 14:57:09','2025-12-01 14:57:09'),(21,'Realme Narzo 50',14000.00,21700.00,60.00,7640.00,'2025-11-10 00:00:00','2025-12-01 14:57:09','2025-12-01 14:57:09'),(22,'iPhone SE 2022',28000.00,39200.00,100.00,11100.00,'2025-09-12 00:00:00','2025-12-01 14:57:09','2025-12-01 14:57:09'),(23,'Xiaomi Redmi Note 12',16500.00,24750.00,60.00,8190.00,'2025-11-27 00:00:00','2025-12-01 14:57:09','2025-12-01 14:57:09'),(24,'Samsung Galaxy F41',19000.00,30400.00,90.00,11310.00,'2025-08-11 00:00:00','2025-12-01 14:57:09','2025-12-01 14:57:09'),(25,'Honor Magic 5',35000.00,52500.00,100.00,17400.00,'2025-04-29 00:00:00','2025-12-01 14:57:09','2025-12-01 14:57:09'),(26,'Samsung Galaxy S23',62000.00,93000.00,160.00,30840.00,'2025-09-19 00:00:00','2025-12-01 14:57:09','2025-12-01 14:57:09'),(27,'Tecno Spark 10',12000.00,18600.00,50.00,6550.00,'2025-10-11 00:00:00','2025-12-01 14:57:09','2025-12-01 14:57:09'),(28,'iPhone 15',68000.00,108800.00,190.00,40610.00,'2025-10-25 00:00:00','2025-12-01 14:57:09','2025-12-01 14:57:09'),(29,'iPhone 15',68000.00,108800.00,190.00,40610.00,'2025-11-01 00:00:00','2025-12-01 14:57:09','2025-12-01 14:57:09'),(30,'Vivo Y75',15000.00,23200.00,60.00,8140.00,'2025-10-24 00:00:00','2025-12-01 14:57:09','2025-12-01 14:57:09'),(31,'Motorola Edge 30',26000.00,39000.00,120.00,12880.00,'2025-08-25 00:00:00','2025-12-01 14:57:09','2025-12-01 14:57:09'),(32,'Xiaomi 12 Pro',48000.00,62400.00,150.00,14250.00,'2025-10-18 00:00:00','2025-12-01 14:57:09','2025-12-01 14:57:09'),(33,'Samsung Z Flip 4',90000.00,144000.00,200.00,53800.00,'2025-03-19 00:00:00','2025-12-01 14:57:09','2025-12-01 14:57:09'),(34,'Samsung Z Flip 4',90000.00,144000.00,200.00,53800.00,'2025-06-30 00:00:00','2025-12-01 14:57:09','2025-12-01 14:57:09'),(35,'Samsung Z Flip 4',90000.00,144000.00,200.00,53800.00,'2025-01-05 00:00:00','2025-12-01 14:57:09','2025-12-01 14:57:09'),(36,'OnePlus Nord CE',21000.00,28900.00,85.00,7815.00,'2025-05-28 00:00:00','2025-12-01 14:57:09','2025-12-01 14:57:09'),(37,'Oppo A78',17000.00,27200.00,50.00,10150.00,'2025-02-27 00:00:00','2025-12-01 14:57:09','2025-12-01 14:57:09'),(38,'Realme C55',13000.00,18850.00,50.00,5800.00,'2025-06-30 00:00:00','2025-12-01 14:57:09','2025-12-01 14:57:09'),(39,'Apple 20W Charger',1200.00,1800.00,40.00,560.00,'2025-03-02 00:00:00','2025-12-01 14:57:09','2025-12-01 14:57:09'),(40,'Apple 20W Charger',1200.00,1800.00,40.00,560.00,'2025-04-04 00:00:00','2025-12-01 14:57:09','2025-12-01 14:57:09'),(41,'Apple 20W Charger',1200.00,1800.00,40.00,560.00,'2025-10-13 00:00:00','2025-12-01 14:57:09','2025-12-01 14:57:09'),(42,'Apple 20W Charger',1200.00,1800.00,40.00,560.00,'2025-05-25 00:00:00','2025-12-01 14:57:09','2025-12-01 14:57:09'),(43,'Apple 20W Charger',1200.00,1800.00,40.00,560.00,'2025-07-21 00:00:00','2025-12-01 14:57:09','2025-12-01 14:57:09'),(44,'Apple 20W Charger',1200.00,1800.00,40.00,560.00,'2025-08-30 00:00:00','2025-12-01 14:57:09','2025-12-01 14:57:09'),(45,'Apple 20W Charger',1200.00,1800.00,40.00,560.00,'2025-09-26 00:00:00','2025-12-01 14:57:09','2025-12-01 14:57:09'),(46,'Apple 20W Charger',1200.00,1800.00,40.00,560.00,'2025-10-10 00:00:00','2025-12-01 14:57:09','2025-12-01 14:57:09'),(47,'Apple 20W Charger',1200.00,1800.00,40.00,560.00,'2025-10-02 00:00:00','2025-12-01 14:57:09','2025-12-01 14:57:09'),(48,'Apple 20W Charger',1200.00,1800.00,40.00,560.00,'2025-07-12 00:00:00','2025-12-01 14:57:09','2025-12-01 14:57:09'),(49,'Apple 20W Charger',1200.00,1800.00,40.00,560.00,'2025-05-17 00:00:00','2025-12-01 14:57:09','2025-12-01 14:57:09'),(50,'Samsung 25W Charger',900.00,1480.00,30.00,550.00,'2025-04-15 00:00:00','2025-12-01 14:57:09','2025-12-01 14:57:09'),(51,'Samsung 25W Charger',900.00,1480.00,30.00,550.00,'2025-04-25 00:00:00','2025-12-01 14:57:09','2025-12-01 14:57:09'),(52,'Samsung 25W Charger',900.00,1480.00,30.00,550.00,'2025-09-15 00:00:00','2025-12-01 14:57:09','2025-12-01 14:57:09'),(53,'Samsung 25W Charger',900.00,1480.00,30.00,550.00,'2025-10-05 00:00:00','2025-12-01 14:57:09','2025-12-01 14:57:09'),(54,'Samsung 25W Charger',900.00,1480.00,30.00,550.00,'2025-10-09 00:00:00','2025-12-01 14:57:09','2025-12-01 14:57:09'),(55,'Samsung 25W Charger',900.00,1480.00,30.00,550.00,'2025-08-28 00:00:00','2025-12-01 14:57:09','2025-12-01 14:57:09'),(56,'Samsung 25W Charger',900.00,1480.00,30.00,550.00,'2025-01-19 00:00:00','2025-12-01 14:57:09','2025-12-01 14:57:09'),(57,'Samsung 25W Charger',900.00,1480.00,30.00,550.00,'2025-02-12 00:00:00','2025-12-01 14:57:09','2025-12-01 14:57:09'),(58,'Samsung 25W Charger',900.00,1480.00,30.00,550.00,'2025-06-06 00:00:00','2025-12-01 14:57:09','2025-12-01 14:57:09'),(59,'Anker 30W Charger',1500.00,2300.00,35.00,765.00,'2025-11-16 00:00:00','2025-12-01 14:57:09','2025-12-01 14:57:09'),(60,'Boat 25W Charger',700.00,1120.00,20.00,400.00,'2025-05-09 00:00:00','2025-12-01 14:57:09','2025-12-01 14:57:09'),(61,'HP Type-C Charger',1600.00,2560.00,50.00,910.00,'2025-01-20 00:00:00','2025-12-01 14:57:09','2025-12-01 14:57:09'),(62,'Dell Phone Charger',1500.00,2180.00,35.00,645.00,'2025-02-12 00:00:00','2025-12-01 14:57:09','2025-12-01 14:57:09'),(63,'Pixel Rapid Charger',1800.00,2520.00,50.00,670.00,'2025-06-05 00:00:00','2025-12-01 14:57:09','2025-12-01 14:57:09'),(64,'Realme SUPERVOOC Charger',1100.00,1760.00,40.00,620.00,'2025-11-11 00:00:00','2025-12-01 14:57:09','2025-12-01 14:57:09'),(65,'Oppo VOOC Charger',950.00,1500.00,30.00,520.00,'2025-04-15 00:00:00','2025-12-01 14:57:09','2025-12-01 14:57:09'),(66,'Belkin Fast Charger',1700.00,2720.00,40.00,980.00,'2025-09-05 00:00:00','2025-12-01 14:57:09','2025-12-01 14:57:09'),(67,'Ubon Charger',450.00,720.00,20.00,250.00,'2025-09-14 00:00:00','2025-12-01 14:57:09','2025-12-01 14:57:09'),(68,'pTron Charger',350.00,525.00,15.00,160.00,'2025-07-25 00:00:00','2025-12-01 14:57:09','2025-12-01 14:57:09'),(69,'Intex Charger',500.00,830.00,20.00,310.00,'2025-09-15 00:00:00','2025-12-01 14:57:09','2025-12-01 14:57:09'),(70,'Mi 120W Charger',2100.00,3300.00,50.00,1150.00,'2025-01-03 00:00:00','2025-12-01 14:57:09','2025-12-01 14:57:09'),(71,'Samsung Turbo Charger',1400.00,2100.00,30.00,670.00,'2025-09-02 00:00:00','2025-12-01 14:57:09','2025-12-01 14:57:09'),(72,'Noise Charger',600.00,900.00,20.00,280.00,'2025-07-31 00:00:00','2025-12-01 14:57:09','2025-12-01 14:57:09'),(73,'Sony Charger',1900.00,2850.00,45.00,905.00,'2025-11-20 00:00:00','2025-12-01 14:57:09','2025-12-01 14:57:09'),(74,'Amazon Basics Charger',800.00,1280.00,25.00,455.00,'2025-11-10 00:00:00','2025-12-01 14:57:09','2025-12-01 14:57:09'),(75,'Portronics Adapter',750.00,1125.00,20.00,355.00,'2025-09-23 00:00:00','2025-12-01 14:57:09','2025-12-01 14:57:09'),(76,'Redmi Charger',650.00,1010.00,20.00,340.00,'2025-02-22 00:00:00','2025-12-01 14:57:09','2025-12-01 14:57:09'),(77,'Apple Lightning Cable',800.00,1260.00,20.00,440.00,'2025-05-16 00:00:00','2025-12-01 14:57:09','2025-12-01 14:57:09'),(78,'Apple Lightning Cable',800.00,1260.00,20.00,440.00,'2025-07-04 00:00:00','2025-12-01 14:57:09','2025-12-01 14:57:09'),(79,'Apple Lightning Cable',800.00,1260.00,20.00,440.00,'2025-07-04 00:00:00','2025-12-01 14:57:09','2025-12-01 14:57:09'),(80,'Apple Lightning Cable',800.00,1260.00,20.00,440.00,'2025-02-02 00:00:00','2025-12-01 14:57:09','2025-12-01 14:57:09'),(81,'Apple Lightning Cable',800.00,1260.00,20.00,440.00,'2025-10-06 00:00:00','2025-12-01 14:57:09','2025-12-01 14:57:09'),(82,'Apple Lightning Cable',800.00,1260.00,20.00,440.00,'2025-10-18 00:00:00','2025-12-01 14:57:09','2025-12-01 14:57:09'),(83,'Apple Lightning Cable',800.00,1260.00,20.00,440.00,'2025-10-12 00:00:00','2025-12-01 14:57:09','2025-12-01 14:57:09'),(84,'Apple Lightning Cable',800.00,1260.00,20.00,440.00,'2025-08-03 00:00:00','2025-12-01 14:57:09','2025-12-01 14:57:09'),(85,'Boat Type-C Cable',350.00,525.00,10.00,165.00,'2025-08-11 00:00:00','2025-12-01 14:57:09','2025-12-01 14:57:09'),(86,'Anker Braided Cable',900.00,1440.00,30.00,510.00,'2025-05-13 00:00:00','2025-12-01 14:57:09','2025-12-01 14:57:09'),(87,'Zebronics Cable',200.00,330.00,10.00,120.00,'2025-11-28 00:00:00','2025-12-01 14:57:09','2025-12-01 14:57:09'),(88,'Belkin USB-C Cable',750.00,1125.00,25.00,350.00,'2025-09-14 00:00:00','2025-12-01 14:57:09','2025-12-01 14:57:09'),(89,'Amazon Basics Cable',400.00,640.00,15.00,225.00,'2025-10-15 00:00:00','2025-12-01 14:57:09','2025-12-01 14:57:09'),(90,'Realme Type-C Cable',300.00,495.00,10.00,185.00,'2025-11-30 00:00:00','2025-12-01 14:57:09','2025-12-01 14:57:09'),(91,'Oppo VOOC Cable',480.00,770.00,15.00,275.00,'2025-05-19 00:00:00','2025-12-01 14:57:09','2025-12-01 14:57:09'),(92,'Samsung Type-C Cable',500.00,825.00,15.00,310.00,'2025-01-25 00:00:00','2025-12-01 14:57:09','2025-12-01 14:57:09'),(93,'Samsung Type-C Cable',500.00,825.00,15.00,310.00,'2025-02-12 00:00:00','2025-12-01 14:57:09','2025-12-01 14:57:09'),(94,'Samsung Type-C Cable',500.00,825.00,15.00,310.00,'2025-05-19 00:00:00','2025-12-01 14:57:09','2025-12-01 14:57:09'),(95,'Samsung Type-C Cable',500.00,825.00,15.00,310.00,'2025-08-20 00:00:00','2025-12-01 14:57:09','2025-12-01 14:57:09'),(96,'Samsung Type-C Cable',500.00,825.00,15.00,310.00,'2025-03-16 00:00:00','2025-12-01 14:57:09','2025-12-01 14:57:09'),(97,'Samsung Type-C Cable',500.00,825.00,15.00,310.00,'2025-01-10 00:00:00','2025-12-01 14:57:09','2025-12-01 14:57:09'),(98,'Samsung Type-C Cable',500.00,825.00,15.00,310.00,'2025-06-08 00:00:00','2025-12-01 14:57:09','2025-12-01 14:57:09'),(99,'Samsung Type-C Cable',500.00,825.00,15.00,310.00,'2025-04-06 00:00:00','2025-12-01 14:57:09','2025-12-01 14:57:09'),(100,'Noise Cable',280.00,420.00,10.00,130.00,'2025-01-03 00:00:00','2025-12-01 14:57:09','2025-12-01 14:57:09'),(101,'Mi Cable',260.00,350.00,15.00,75.00,'2025-02-28 00:00:00','2025-12-01 14:57:09','2025-12-01 14:57:09'),(102,'Dell USB-C Cable',500.00,780.00,20.00,260.00,'2025-10-15 00:00:00','2025-12-01 14:57:09','2025-12-01 14:57:09'),(103,'Honor Cable',220.00,360.00,10.00,130.00,'2025-09-18 00:00:00','2025-12-01 14:57:09','2025-12-01 14:57:09'),(104,'Motorola Cable',400.00,660.00,15.00,245.00,'2025-04-16 00:00:00','2025-12-01 14:57:09','2025-12-01 14:57:09'),(105,'Google Pixel Cable',700.00,980.00,30.00,250.00,'2025-03-20 00:00:00','2025-12-01 14:57:09','2025-12-01 14:57:09'),(106,'Nothing Cable',650.00,910.00,25.00,235.00,'2025-03-20 00:00:00','2025-12-01 14:57:09','2025-12-01 14:57:09'),(107,'Sony Type-C Cable',900.00,1220.00,30.00,290.00,'2025-06-06 00:00:00','2025-12-01 14:57:09','2025-12-01 14:57:09'),(108,'pTron Cable',200.00,320.00,10.00,110.00,'2025-07-31 00:00:00','2025-12-01 14:57:09','2025-12-01 14:57:09'),(109,'Ambrane Cable',250.00,400.00,10.00,140.00,'2025-09-10 00:00:00','2025-12-01 14:57:09','2025-12-01 14:57:09'),(110,'Syska Cable',350.00,550.00,15.00,185.00,'2025-10-24 00:00:00','2025-12-01 14:57:09','2025-12-01 14:57:09'),(111,'MI 20000mAh Power Bank',1600.00,2400.00,40.00,760.00,'2025-02-24 00:00:00','2025-12-01 14:57:09','2025-12-01 14:57:09'),(112,'Realme Power Bank 2',1300.00,1950.00,30.00,620.00,'2025-02-21 00:00:00','2025-12-01 14:57:09','2025-12-01 14:57:09'),(113,'Samsung Power Bank',1800.00,2880.00,50.00,1030.00,'2025-04-07 00:00:00','2025-12-01 14:57:09','2025-12-01 14:57:09'),(114,'pTron Dynamo Power Bank',800.00,1280.00,20.00,460.00,'2025-11-23 00:00:00','2025-12-01 14:57:09','2025-12-01 14:57:09'),(115,'Boat 10000mAh Power Bank',1200.00,1920.00,35.00,685.00,'2025-01-09 00:00:00','2025-12-01 14:57:09','2025-12-01 14:57:09'),(116,'Apple MagSafe Battery Pack',9500.00,15200.00,100.00,5600.00,'2025-03-05 00:00:00','2025-12-01 14:57:09','2025-12-01 14:57:09'),(117,'Anker Power Bank',3500.00,5250.00,70.00,1680.00,'2025-10-22 00:00:00','2025-12-01 14:57:09','2025-12-01 14:57:09'),(118,'Ubon Fast Charging Power Bank',1000.00,1500.00,25.00,475.00,'2025-10-06 00:00:00','2025-12-01 14:57:09','2025-12-01 14:57:09'),(119,'Pixel Power Bank',4000.00,6800.00,90.00,2710.00,'2025-06-24 00:00:00','2025-12-01 14:57:09','2025-12-01 14:57:09'),(120,'Nothing Power Bank',3800.00,5200.00,80.00,1320.00,'2025-02-05 00:00:00','2025-12-01 14:57:09','2025-12-01 14:57:09'),(121,'Dell USB-C Power Bank',4800.00,7200.00,100.00,2300.00,'2025-11-20 00:00:00','2025-12-01 14:57:09','2025-12-01 14:57:09'),(122,'HP Travel Power Bank',4200.00,6300.00,90.00,2010.00,'2025-06-24 00:00:00','2025-12-01 14:57:09','2025-12-01 14:57:09'),(123,'JBL Power Bank',2600.00,3900.00,60.00,1240.00,'2025-08-25 00:00:00','2025-12-01 14:57:09','2025-12-01 14:57:09'),(124,'Spigen Power Bank',5500.00,8900.00,120.00,3280.00,'2025-11-19 00:00:00','2025-12-01 14:57:09','2025-12-01 14:57:09'),(125,'Realme Wireless Power Bank',3200.00,5100.00,80.00,1820.00,'2025-08-27 00:00:00','2025-12-01 14:57:09','2025-12-01 14:57:09'),(126,'Samsung Wireless Power Bank',3700.00,5920.00,90.00,2130.00,'2025-08-11 00:00:00','2025-12-01 14:57:09','2025-12-01 14:57:09'),(127,'Tecno Power Bank',1800.00,2700.00,40.00,860.00,'2025-03-04 00:00:00','2025-12-01 14:57:09','2025-12-01 14:57:09'),(128,'Redmi Power Bank',1500.00,2200.00,35.00,665.00,'2025-11-11 00:00:00','2025-12-01 14:57:09','2025-12-01 14:57:09'),(129,'Lava Power Bank',1400.00,2100.00,35.00,665.00,'2025-02-16 00:00:00','2025-12-01 14:57:09','2025-12-01 14:57:09'),(130,'Micromax Power Bank',1300.00,1950.00,30.00,620.00,'2025-10-22 00:00:00','2025-12-01 14:57:09','2025-12-01 14:57:09'),(131,'Apple AirPods Pro 2',14500.00,23200.00,120.00,8580.00,'2025-11-25 00:00:00','2025-12-01 14:57:09','2025-12-01 14:57:09'),(132,'Boat Airdopes 190',900.00,1480.00,30.00,550.00,'2025-03-31 00:00:00','2025-12-01 14:57:09','2025-12-01 14:57:09'),(133,'Noise Buds VS104',1100.00,1760.00,30.00,630.00,'2025-05-13 00:00:00','2025-12-01 14:57:09','2025-12-01 14:57:09'),(134,'Samsung Galaxy Buds2',5500.00,8800.00,100.00,3200.00,'2025-02-28 00:00:00','2025-12-01 14:57:09','2025-12-01 14:57:09'),(135,'OnePlus Buds Pro',4200.00,6300.00,70.00,2030.00,'2025-08-16 00:00:00','2025-12-01 14:57:09','2025-12-01 14:57:09'),(136,'Sony WF-C500',3000.00,4500.00,50.00,1450.00,'2025-10-23 00:00:00','2025-12-01 14:57:09','2025-12-01 14:57:09'),(137,'Realme Buds Air 2',2200.00,3300.00,40.00,1060.00,'2025-05-07 00:00:00','2025-12-01 14:57:09','2025-12-01 14:57:09'),(138,'JBL Wave Buds',2500.00,3500.00,50.00,950.00,'2025-03-20 00:00:00','2025-12-01 14:57:09','2025-12-01 14:57:09'),(139,'Oppo Enco Buds 2',1900.00,2900.00,40.00,960.00,'2025-01-14 00:00:00','2025-12-01 14:57:09','2025-12-01 14:57:09'),(140,'Vivo TWS Neo',3200.00,4900.00,60.00,1640.00,'2025-06-18 00:00:00','2025-12-01 14:57:09','2025-12-01 14:57:09'),(141,'Nothing Ear (2)',8500.00,13600.00,80.00,5020.00,'2025-05-12 00:00:00','2025-12-01 14:57:09','2025-12-01 14:57:09'),(142,'Google Pixel Buds',7800.00,12500.00,100.00,4600.00,'2025-06-02 00:00:00','2025-12-01 14:57:09','2025-12-01 14:57:09'),(143,'Ubon Airbuds',600.00,950.00,25.00,325.00,'2025-02-03 00:00:00','2025-12-01 14:57:09','2025-12-01 14:57:09'),(144,'Ambrane Basspods',900.00,1350.00,30.00,420.00,'2025-02-15 00:00:00','2025-12-01 14:57:09','2025-12-01 14:57:09'),(145,'HP Earbuds',1500.00,2450.00,40.00,910.00,'2025-05-06 00:00:00','2025-12-01 14:57:09','2025-12-01 14:57:09'),(146,'Dell Wireless Earbuds',2200.00,3500.00,50.00,1250.00,'2025-06-06 00:00:00','2025-12-01 14:57:09','2025-12-01 14:57:09'),(147,'Redmi Buds 5',1800.00,2800.00,40.00,960.00,'2025-03-12 00:00:00','2025-12-01 14:57:09','2025-12-01 14:57:09'),(148,'Soundcore Liberty Air 2',9500.00,15200.00,90.00,5610.00,'2025-08-08 00:00:00','2025-12-01 14:57:09','2025-12-01 14:57:09'),(149,'Motorola SonicMax',2100.00,3250.00,50.00,1100.00,'2025-08-05 00:00:00','2025-12-01 14:57:09','2025-12-01 14:57:09'),(150,'Honor Earbuds Pro',7800.00,11800.00,80.00,3920.00,'2025-03-30 00:00:00','2025-12-01 14:57:09','2025-12-01 14:57:09'),(151,'Beats Studio Buds',14000.00,21000.00,110.00,6890.00,'2025-05-09 00:00:00','2025-12-01 14:57:09','2025-12-01 14:57:09'),(152,'Sennheiser Momentum 3',28000.00,39200.00,140.00,11060.00,'2025-02-13 00:00:00','2025-12-01 14:57:09','2025-12-01 14:57:09'),(153,'Boat Nirvana Ion',1300.00,2040.00,30.00,710.00,'2025-06-14 00:00:00','2025-12-01 14:57:09','2025-12-01 14:57:09'),(154,'BlackShark Lucifer Earbuds',1800.00,2970.00,30.00,1140.00,'2025-01-25 00:00:00','2025-12-01 14:57:09','2025-12-01 14:57:09'),(155,'Lenovo True Wireless Earbuds',2400.00,3840.00,40.00,1400.00,'2025-10-27 00:00:00','2025-12-01 14:57:09','2025-12-01 14:57:09'),(156,'Nothing Ear (Stick)',6000.00,9600.00,70.00,3530.00,'2025-03-27 00:00:00','2025-12-01 14:57:09','2025-12-01 14:57:09'),(157,'Skullcandy Push Active',3800.00,5500.00,50.00,1650.00,'2025-07-18 00:00:00','2025-12-01 14:57:09','2025-12-01 14:57:09'),(158,'Marshall Minor III',7500.00,12000.00,90.00,4410.00,'2025-03-10 00:00:00','2025-12-01 14:57:09','2025-12-01 14:57:09'),(159,'Sony WF-1000XM4',19500.00,31000.00,110.00,11390.00,'2025-03-20 00:00:00','2025-12-01 14:57:09','2025-12-01 14:57:09'),(160,'Jabra Elite 7 Pro',17500.00,26000.00,100.00,8400.00,'2025-07-08 00:00:00','2025-12-01 14:57:09','2025-12-01 14:57:09'),(161,'Boat Airdopes 441',1100.00,1760.00,20.00,640.00,'2025-02-10 00:00:00','2025-12-01 14:57:09','2025-12-01 14:57:09'),(162,'iPhone 14 Pro',45000.00,70200.00,160.00,25040.00,'2025-10-29 00:00:00','2025-12-01 14:57:09','2025-12-01 14:57:09'),(163,'iPhone 14 Pro',45000.00,70200.00,160.00,25040.00,'2025-02-22 00:00:00','2025-12-01 14:57:09','2025-12-01 14:57:09'),(164,'iPhone 14 Pro',45000.00,70200.00,160.00,25040.00,'2025-01-26 00:00:00','2025-12-01 14:57:09','2025-12-01 14:57:09'),(165,'iPhone 14 Pro',45000.00,70200.00,160.00,25040.00,'2025-10-30 00:00:00','2025-12-01 14:57:09','2025-12-01 14:57:09'),(166,'Samsung Galaxy S21',52000.00,78000.00,170.00,25830.00,'2025-04-12 00:00:00','2025-12-01 14:57:09','2025-12-01 14:57:09'),(167,'OnePlus Nord 2T',28000.00,42000.00,90.00,13910.00,'2025-09-25 00:00:00','2025-12-01 14:57:09','2025-12-01 14:57:09'),(168,'Xiaomi Poco F3',24000.00,36000.00,80.00,11920.00,'2025-01-31 00:00:00','2025-12-01 14:57:09','2025-12-01 14:57:09'),(169,'Vivo Y21',12000.00,18800.00,60.00,6740.00,'2025-01-18 00:00:00','2025-12-01 14:57:09','2025-12-01 14:57:09'),(170,'Oppo F19',15000.00,22500.00,70.00,7430.00,'2025-11-28 00:00:00','2025-12-01 14:57:09','2025-12-01 14:57:09'),(171,'Realme GT5',35000.00,52500.00,100.00,17400.00,'2025-09-25 00:00:00','2025-12-01 14:57:09','2025-12-01 14:57:09'),(172,'Tecno Spark 10',10000.00,15000.00,60.00,4940.00,'2025-01-09 00:00:00','2025-12-01 14:57:09','2025-12-01 14:57:09'),(173,'Nokia G21',14000.00,21000.00,80.00,6920.00,'2025-08-30 00:00:00','2025-12-01 14:57:09','2025-12-01 14:57:09');
/*!40000 ALTER TABLE `sales` ENABLE KEYS */;
UNLOCK TABLES;

--
-- Table structure for table `settings`
--

DROP TABLE IF EXISTS `settings`;
/*!40101 SET @saved_cs_client     = @@character_set_client */;
/*!40101 SET character_set_client = utf8 */;
CREATE TABLE `settings` (
  `id` bigint(20) unsigned NOT NULL AUTO_INCREMENT,
  `key` varchar(255) NOT NULL,
  `value` longtext DEFAULT NULL,
  `created_at` timestamp NULL DEFAULT current_timestamp(),
  `updated_at` timestamp NULL DEFAULT current_timestamp() ON UPDATE current_timestamp(),
  PRIMARY KEY (`id`),
  UNIQUE KEY `key` (`key`)
) ENGINE=InnoDB AUTO_INCREMENT=13 DEFAULT CHARSET=utf8mb4 COLLATE=utf8mb4_general_ci;
/*!40101 SET character_set_client = @saved_cs_client */;

--
-- Dumping data for table `settings`
--

LOCK TABLES `settings` WRITE;
/*!40000 ALTER TABLE `settings` DISABLE KEYS */;
INSERT INTO `settings` VALUES (1,'store_name','Gauri Mobiles','2025-11-29 15:02:24','2025-11-29 15:02:24'),(2,'gst_number','22AAAAA0000A1Z5','2025-11-29 15:02:24','2025-11-29 15:02:24'),(3,'address_line1','Main Street 101','2025-11-29 15:02:24','2025-11-29 15:02:24'),(4,'address_line2','Near Market Road','2025-11-29 15:02:24','2025-11-29 15:02:24'),(5,'phone_1','9876543210','2025-11-29 15:02:24','2025-11-29 15:02:24'),(6,'phone_2','9123456789','2025-11-29 15:02:24','2025-11-29 15:02:24'),(7,'store_email','store@example.com','2025-11-29 15:02:24','2025-11-29 15:02:24'),(8,'warranty_months','six months','2025-11-29 15:02:24','2025-11-29 15:02:24'),(9,'smtp_host','smtp.gmail.com','2025-11-29 15:02:24','2025-11-29 15:02:24'),(10,'smtp_port','587','2025-11-29 15:02:24','2025-11-29 15:02:24'),(11,'smtp_username','captainamerica7987@gmail.com','2025-11-29 15:02:24','2025-11-29 15:02:24'),(12,'from_email','captainamerica7987@gmail.com','2025-11-29 15:02:24','2025-11-29 15:02:24');
/*!40000 ALTER TABLE `settings` ENABLE KEYS */;
UNLOCK TABLES;

--
-- Table structure for table `user_roles`
--

DROP TABLE IF EXISTS `user_roles`;
/*!40101 SET @saved_cs_client     = @@character_set_client */;
/*!40101 SET character_set_client = utf8 */;
CREATE TABLE `user_roles` (
  `id` int(11) NOT NULL AUTO_INCREMENT,
  `user_id` int(11) DEFAULT NULL,
  `role_id` int(11) DEFAULT NULL,
  `created_at` timestamp NOT NULL DEFAULT current_timestamp(),
  `updated_at` timestamp NOT NULL DEFAULT current_timestamp() ON UPDATE current_timestamp(),
  PRIMARY KEY (`id`),
  KEY `user_id` (`user_id`),
  KEY `role_id` (`role_id`),
  CONSTRAINT `user_roles_ibfk_1` FOREIGN KEY (`user_id`) REFERENCES `users` (`id`) ON DELETE CASCADE,
  CONSTRAINT `user_roles_ibfk_2` FOREIGN KEY (`role_id`) REFERENCES `roles` (`id`) ON DELETE CASCADE
) ENGINE=InnoDB DEFAULT CHARSET=utf8mb4 COLLATE=utf8mb4_general_ci;
/*!40101 SET character_set_client = @saved_cs_client */;

--
-- Dumping data for table `user_roles`
--

LOCK TABLES `user_roles` WRITE;
/*!40000 ALTER TABLE `user_roles` DISABLE KEYS */;
/*!40000 ALTER TABLE `user_roles` ENABLE KEYS */;
UNLOCK TABLES;

--
-- Table structure for table `users`
--

DROP TABLE IF EXISTS `users`;
/*!40101 SET @saved_cs_client     = @@character_set_client */;
/*!40101 SET character_set_client = utf8 */;
CREATE TABLE `users` (
  `id` int(11) NOT NULL AUTO_INCREMENT,
  `name` varchar(100) DEFAULT NULL,
  `email` varchar(150) DEFAULT NULL,
  `password` varchar(255) DEFAULT NULL,
  `created_at` timestamp NOT NULL DEFAULT current_timestamp(),
  `updated_at` timestamp NOT NULL DEFAULT current_timestamp() ON UPDATE current_timestamp(),
  PRIMARY KEY (`id`),
  UNIQUE KEY `email` (`email`)
) ENGINE=InnoDB AUTO_INCREMENT=6 DEFAULT CHARSET=utf8mb4 COLLATE=utf8mb4_general_ci;
/*!40101 SET character_set_client = @saved_cs_client */;

--
-- Dumping data for table `users`
--

LOCK TABLES `users` WRITE;
/*!40000 ALTER TABLE `users` DISABLE KEYS */;
INSERT INTO `users` VALUES (1,'John Doe','test@gmail.com','$2y$10$K7myn9ktu3ox7d3Z7JPODeiDTqMW6acBP4GcPZMYbjF5nrLsFXmyy','2025-11-03 08:41:51','2025-11-03 15:56:26'),(5,'John Chauhan','amarjeet.95.99.9@gmail.com','$2y$10$kFZ8ccilWSmlkBunwTcrneO4WfErPon0ug8vfgUvO3ejmv5XDfXpC','2025-11-07 11:52:15','2025-11-07 11:52:15');
/*!40000 ALTER TABLE `users` ENABLE KEYS */;
UNLOCK TABLES;

--
-- Dumping routines for database 'gauri_mobiles'
--
/*!40103 SET TIME_ZONE=@OLD_TIME_ZONE */;

/*!40101 SET SQL_MODE=@OLD_SQL_MODE */;
/*!40014 SET FOREIGN_KEY_CHECKS=@OLD_FOREIGN_KEY_CHECKS */;
/*!40014 SET UNIQUE_CHECKS=@OLD_UNIQUE_CHECKS */;
/*!40101 SET CHARACTER_SET_CLIENT=@OLD_CHARACTER_SET_CLIENT */;
/*!40101 SET CHARACTER_SET_RESULTS=@OLD_CHARACTER_SET_RESULTS */;
/*!40101 SET COLLATION_CONNECTION=@OLD_COLLATION_CONNECTION */;
/*!40111 SET SQL_NOTES=@OLD_SQL_NOTES */;

-- Dump completed on 2025-12-02 17:31:12
